{"accuracy": [0.7495844960212708, 0.7612188458442688, 0.7710526585578918, 0.7752077579498291, 0.7879501581192017, 0.7878116369247437, 0.7973684072494507, 0.804016649723053, 0.7977839112281799, 0.80567866563797, 0.8105263113975525, 0.8110803365707397, 0.8139889240264893, 0.8207756280899048, 0.8202216029167175, 0.8292243480682373, 0.8301938772201538, 0.8433517813682556, 0.8429362773895264, 0.8463988900184631, 0.8457063436508179, 0.8547091484069824, 0.8588642477989197, 0.8644044399261475, 0.863573431968689, 0.8659279942512512, 0.8759002685546875, 0.8727146983146667], "loss": [0.5969976186752319, 0.4902058243751526, 0.46664029359817505, 0.4535183906555176, 0.44504550099372864, 0.4330032467842102, 0.4256281852722168, 0.408456951379776, 0.4149887263774872, 0.4038938879966736, 0.38716933131217957, 0.383672833442688, 0.3803427517414093, 0.36837148666381836, 0.36704981327056885, 0.3598349690437317, 0.34319987893104553, 0.33302605152130127, 0.3234686553478241, 0.3224368691444397, 0.3122089207172394, 0.30398276448249817, 0.2930411696434021, 0.2850237786769867, 0.2823921740055084, 0.2826955318450928, 0.26509055495262146, 0.26823753118515015], "val_accuracy": [0.21385040879249573, 0.21385040879249573, 0.5274237990379333, 0.8321329355239868, 0.8387811779975891, 0.8376731276512146, 0.8387811779975891, 0.8360110521316528, 0.8332409858703613, 0.8459833860397339, 0.8343490362167358, 0.8404431939125061, 0.8421052694320679, 0.8382271528244019, 0.8526315689086914, 0.8565096855163574, 0.8626039028167725, 0.865373969078064, 0.8626039028167725, 0.8736842274665833, 0.8664820194244385, 0.8819944858551025, 0.8775623440742493, 0.8842105269432068, 0.877008318901062, 0.886426568031311, 0.8631578683853149, 0.8819944858551025], "val_loss": [1.1874079704284668, 1.9152299165725708, 0.7704871296882629, 0.3495205044746399, 0.33264681696891785, 0.3310506343841553, 0.34747034311294556, 0.33914199471473694, 0.32197725772857666, 0.3302263021469116, 0.3325406014919281, 0.3303149342536926, 0.3661841154098511, 0.4343434274196625, 0.31888285279273987, 0.3361116349697113, 0.31467708945274353, 0.2995721399784088, 0.3125706613063812, 0.3055618703365326, 0.31684672832489014, 0.26715874671936035, 0.28219568729400635, 0.26863107085227966, 0.32042384147644043, 0.3031430244445801, 0.34717828035354614, 0.312387079000473]}